,CANCELED,DONE,FAILED,NEW,PMGR_ACTIVE,PMGR_ACTIVE_PENDING,PMGR_LAUNCHING,PMGR_LAUNCHING_PENDING,P_LRMS_QUEUING,P_LRMS_RUNNING,P_LRMS_SUBMITTING,P_PMGR_QUEUING,P_PMGR_SCHEDULING,experiment,hid,ncore,nunit,pid,sid,util_p_boot,util_p_orte,util_p_setup_1,util_p_setup_2,util_p_term,util_p_total,util_p_uexec
0,27156.198100090027,,,12.764100074768066,27072.82990002632,59.679500102996826,12.814500093460083,12.767100095748901,27013.150399923325,83.36820006370544,46.86500000953674,0.04739999771118164,0.003000020980834961,exp2,ccs.ornl.gov,8240,256,pilot.0000,ws_syn_titan_256_32_8192_60_1.1,,14.419100046157837,1.1389999389648438,3.2012999057769775,,,75.1923999786377
0,,,25065.983699798584,12.741299867630005,23733.595899820328,57.525399923324585,12.747200012207031,12.744099855422974,23676.070499897003,1332.3877999782562,44.778199911117554,0.003100156784057617,0.00279998779296875,exp1,ccs.ornl.gov,8240,256,pilot.0000,ws_syn_titan_256_32_8192_60_1.0,,15.548699855804443,1.1191999912261963,2.094099998474121,,,1333.3373000621796
