,CANCELED,DONE,FAILED,NEW,PMGR_ACTIVE,PMGR_ACTIVE_PENDING,PMGR_LAUNCHING,PMGR_LAUNCHING_PENDING,P_LRMS_QUEUING,P_LRMS_RUNNING,P_LRMS_SUBMITTING,P_PMGR_QUEUING,P_PMGR_SCHEDULING,experiment,hid,ncore,nunit,pid,sid,util_p_boot,util_p_orte,util_p_setup_1,util_p_setup_2,util_p_term,util_p_total,util_p_uexec
0,,,10130.704299926758,34.41689991950989,8757.732599973679,134.3786997795105,34.42269992828369,34.4203999042511,8623.353900194168,1372.9716999530792,99.9559998512268,0.0023000240325927734,0.0034999847412109375,exp3,ccs.ornl.gov,65552,2048,pilot.0000,rp.session.titan-ext1.merzky1.017832.0007,,117.63639998435974,7.583600044250488,7.849300146102905,,,1378.3086998462677
0,,,2220.5722999572754,32.957200050354004,1149.5178000926971,127.16619992256165,32.96280002593994,32.96079993247986,1022.3516001701355,1071.0544998645782,94.2033998966217,0.002000093460083008,0.003599882125854492,exp2,ccs.ornl.gov,8208,256,pilot.0000,rp.session.titan-ext1.merzky1.017832.0006,,8.193900108337402,0.39889979362487793,1.911600112915039,,,1071.7140998840332
0,,,25065.983699798584,12.741299867630005,23733.595899820328,57.525399923324585,12.747200012207031,12.744099855422974,23676.070499897003,1332.3877999782562,44.778199911117554,0.003100156784057617,0.00279998779296875,exp1,ccs.ornl.gov,8240,256,pilot.0000,ws_syn_titan_256_32_8192_60_1.0,,15.548699855804443,1.1191999912261963,2.094099998474121,,,1333.3373000621796
