,NEW,P_LRMS_QUEUING,P_LRMS_RUNNING,P_LRMS_SUBMITTING,P_PMGR_QUEUING,P_PMGR_SCHEDULING,TTC,U_AGENT_EXECUTING,U_AGENT_QUEUING,U_AGENT_QUEUING_EXEC,U_AGENT_SCHEDULING,U_UMGR_BINDING,U_UMGR_SCHEDULING,experiment,ncore,ncore_active,nhost,npilot,npilot_active,nunit,nunit_done,nunit_failed,sid,util_p_boot,util_p_orte,util_p_setup_1,util_p_setup_2,util_p_term,util_p_total,util_p_uexec,util_u_eprep,util_u_equeue,util_u_exec_app,util_u_exec_cu,util_u_exec_orte,util_u_exec_rp,util_u_total,util_u_unschedule
rp.session.titan-ext1.merzky1.017832.0007,34.416899919509895,8623.353900194168,1372.9716999530792,99.95599985122679,0.002300024032592773,0.003499984741210937,1540698544.5733,1342.4022998809814,124.29519987106323,61.68089938163757,99.52519965171814,0.9989001750946044,7.528299808502197,exp3,65552,65552,1,1,1,2048,2048,0,rp.session.titan-ext1.merzky1.017832.0007,0,117.63639998435974,7.583600044250487,7.849300146102905,0,0,1378.3086998462675,80.44610476493834,105.54889869689941,1158.0767002105713,109.44920325279236,394.39269995689386,164.30939984321594,1354.4184000492094,443.5689001083374
rp.session.titan-ext1.merzky1.017832.0006,32.957200050354004,1022.3516001701356,1071.0544998645782,94.2033998966217,0.002000093460083008,0.003599882125854492,1540691557.3899002,1053.34650015831,13.941699981689453,0.5158021450042725,4.412298679351807,0.13019990921020508,0.9018001556396484,exp2,8208,8208,1,1,1,256,256,0,rp.session.titan-ext1.merzky1.017832.0006,0,8.193900108337402,0.3988997936248779,1.911600112915039,0,0,1071.7140998840332,1.4665970802307131,4.540602207183838,890.7353000640869,5.09039831161499,85.00449991226195,7.78410005569458,1053.3712999820712,222.09510016441345
ws_syn_titan_256_32_8192_60_1.0,12.741299867630005,23676.070499897003,1332.3877999782562,44.778199911117554,0.003100156784057617,0.00279998779296875,25073.153899908066,1316.27530002594,11.01609992980957,4.835299730300903,3.17680025100708,0.12269997596740723,0.8938999176025391,exp1,8240,8240,1,1,1,256,256,0,ws_syn_titan_256_32_8192_60_1.0,0,15.548699855804443,1.1191999912261963,2.094099998474121,0,0,1333.3373000621796,2.6125006675720215,4.8592000007629395,0.0,0.0,0.0,0.0,1316.2918000221252,0.0
