,CANCELED,DONE,FAILED,NEW,PMGR_ACTIVE,PMGR_ACTIVE_PENDING,PMGR_LAUNCHING,PMGR_LAUNCHING_PENDING,P_LRMS_QUEUING,P_LRMS_RUNNING,P_LRMS_SUBMITTING,P_PMGR_QUEUING,P_PMGR_SCHEDULING,experiment,hid,ncore,nunit,pid,sid
0,,,1338.38140011,17.2534000874,320.443199873,81.3050000668,17.261300087,17.2565000057,239.138199806,1017.93820024,64.0436999798,0.00480008125305,0.00309991836548,exp1,ccs.ornl.gov,8240,256,pilot.0000,rp.session.titan-ext1.merzky1.017447.0017
0,,,1329.62940001,34.2075998783,415.057300091,241.302700043,34.21510005,34.2105998993,173.754600048,914.572099924,207.087599993,0.00450015068054,0.00300002098083,exp1,ccs.ornl.gov,1072,32,pilot.0000,rp.session.titan-ext1.merzky1.017447.0007
0,,,23351.2665999,17.4082000256,22323.9496,86.3870999813,17.4154000282,17.4112000465,22237.5625,1027.31699991,68.9716999531,0.00419998168945,0.00300002098083,exp1,ccs.ornl.gov,16432,512,pilot.0000,rp.session.titan-ext1.merzky1.017447.0012
0,,,23764.9091001,17.1785001755,22659.1579001,86.3991999626,17.1861000061,17.1816000938,22572.7587001,1105.75119996,69.2130999565,0.00449991226196,0.00309991836548,exp1,ccs.ornl.gov,32816,1024,pilot.0000,rp.session.titan-ext1.merzky1.017447.0013
0,,,2792.51600003,46.3652000427,1849.79329991,223.229099989,46.3724999428,46.3684000969,1626.56419992,942.722700119,176.856600046,0.00409984588623,0.0032000541687,exp1,ccs.ornl.gov,2096,64,pilot.0000,rp.session.titan-ext1.merzky1.017447.0010
0,,,2111.55839992,16.7418999672,1163.77730012,86.804500103,16.7488999367,16.744699955,1076.97280002,947.781099796,70.0556001663,0.00419998168945,0.00279998779297,exp1,ccs.ornl.gov,4144,128,pilot.0000,rp.session.titan-ext1.merzky1.017447.0011
0,,,12049.0618999,35.3980998993,11096.9043999,243.174000025,35.4050998688,35.4012999535,10853.7303998,952.157500029,207.768900156,0.00379991531372,0.0032000541687,exp1,ccs.ornl.gov,8240,256,pilot.0000,rp.session.titan-ext1.merzky1.017447.0009
