,NEW,P_LRMS_QUEUING,P_LRMS_RUNNING,P_LRMS_SUBMITTING,P_PMGR_QUEUING,P_PMGR_SCHEDULING,TTC,U_AGENT_EXECUTING,U_AGENT_QUEUING,U_AGENT_QUEUING_EXEC,U_AGENT_SCHEDULING,U_UMGR_BINDING,U_UMGR_SCHEDULING,experiment,ncore,ncore_active,nhost,npilot,npilot_active,nunit,nunit_done,nunit_failed,sid
rp.session.titan-ext1.merzky1.017447.0017,17.2534000874,239.138199806,1017.93820024,64.0436999798,0.00480008125305,0.00309991836548,1343.78839993,0.0,0.0,0.0,0.0,0.0330998897552,0.308799982071,exp1,8240,8240,1,1,1,256,256,0,rp.session.titan-ext1.merzky1.017447.0017
rp.session.titan-ext1.merzky1.017447.0007,34.2075998783,173.754600048,914.572099924,207.087599993,0.00450015068054,0.00300002098083,1335.79830003,900.171700001,0.311199903488,0.487999916077,0.27690076828,0.00600004196167,0.0446000099182,exp1,1072,1072,1,1,1,32,32,0,rp.session.titan-ext1.merzky1.017447.0007
rp.session.titan-ext1.merzky1.017447.0012,17.4082000256,22237.5625,1027.31699991,68.9716999531,0.00419998168945,0.00300002098083,23357.0760999,0.0,0.0,0.0,0.0,0.0688998699188,0.622200012207,exp1,16432,16432,1,1,1,512,512,0,rp.session.titan-ext1.merzky1.017447.0012
rp.session.titan-ext1.merzky1.017447.0013,17.1785001755,22572.7587001,1105.75119996,69.2130999565,0.00449991226196,0.00309991836548,23770.9138,1091.80199981,61.1684999466,128.907198668,57.158904314,0.13689994812,1.23939990997,exp1,32816,32816,1,1,1,1024,1024,0,rp.session.titan-ext1.merzky1.017447.0013
rp.session.titan-ext1.merzky1.017447.0010,46.3652000427,1626.56419992,942.722700119,176.856600046,0.00409984588623,0.0032000541687,2798.34019995,930.229499817,0.758199930191,1.04830002785,0.676000118256,0.0096001625061,0.0767998695374,exp1,2096,2096,1,1,1,64,64,0,rp.session.titan-ext1.merzky1.017447.0010
rp.session.titan-ext1.merzky1.017447.0011,16.7418999672,1076.97280002,947.781099796,70.0556001663,0.00419998168945,0.00279998779297,2118.62450004,935.35710001,1.94510006905,2.49960017204,1.77670049667,0.0173997879028,0.157400131226,exp1,4144,4144,1,1,1,128,128,0,rp.session.titan-ext1.merzky1.017447.0011
rp.session.titan-ext1.merzky1.017447.0009,35.3980998993,10853.7303998,952.157500029,207.768900156,0.00379991531372,0.0032000541687,12054.3807001,930.682800055,5.43699979782,5.32769942284,5.01980352402,0.0332000255585,0.311300039291,exp1,8240,8240,1,1,1,256,256,0,rp.session.titan-ext1.merzky1.017447.0009
