,CANCELED,DONE,FAILED,NEW,PMGR_ACTIVE,PMGR_ACTIVE_PENDING,PMGR_LAUNCHING,PMGR_LAUNCHING_PENDING,P_LRMS_QUEUING,P_LRMS_RUNNING,P_LRMS_SUBMITTING,P_PMGR_QUEUING,P_PMGR_SCHEDULING,experiment,hid,ncore,nunit,pid,sid,util_p_boot,util_p_orte,util_p_setup_1,util_p_setup_2,util_p_term,util_p_total,util_p_uexec
0,,,169605.7684,19.1164999008,155409.5318,123.071099997,19.1220998764,19.1197998524,155286.4607,14196.2365999,103.94900012,0.00230002403259,0.00329995155334,strong_scaling_synapse_titan,ccs.ornl.gov,32816,16384,pilot.0000,rp.session.titan-ext1.itoman.017492.0001,65.5523998737,56.0950000286,2.12859988213,1.09610009193,7.45870018005,14329.6278999,14197.2970998
0,,,20048.7939999,16.2581000328,12439.9358001,89.105700016,16.2662000656,16.2625999451,12350.8301001,7608.85819983,72.8394999504,0.00360012054443,0.00449991226196,strong_scaling_synapse_titan,ccs.ornl.gov,65584,16384,pilot.0000,rp.session.titan-ext1.itoman.017491.0004,62.8940000534,112.292999983,5.94090008736,1.60199999809,8.81089997292,7801.41350007,7609.87269998
0,,,688678.8241,16.8675999641,681025.9322,98.648900032,16.8727998734,16.8708000183,680927.2833,7652.89190006,81.7761001587,0.0019998550415,0.0032000541687,strong_scaling_synapse_titan,ccs.ornl.gov,65584,16384,pilot.0000,rp.session.titan-ext1.itoman.017473.0000,59.3209998608,130.838000059,16.9500000477,1.30270004272,5.90020012856,7869.22000003,7654.90809989
0,,,95183.7960999,17.0250000954,80623.9159002,72.5664999485,17.0313999653,17.0286998749,80551.3494003,14559.8801997,55.5350999832,0.00270009040833,0.0036997795105,strong_scaling_synapse_titan,ccs.ornl.gov,32816,16384,pilot.0000,rp.session.titan-ext2.itoman.017467.0000,66.9133000374,35.118999958,9.98973846436e-05,0.000100135803223,8.10009980202,14674.7681999,14564.6356001
