,CANCELED,DONE,FAILED,NEW,PMGR_ACTIVE,PMGR_ACTIVE_PENDING,PMGR_LAUNCHING,PMGR_LAUNCHING_PENDING,P_LRMS_QUEUING,P_LRMS_RUNNING,P_LRMS_SUBMITTING,P_PMGR_QUEUING,P_PMGR_SCHEDULING,experiment,hid,ncore,nunit,pid,sid
0,,,95183.7960999,17.0250000954,80623.9059,72.5664999485,17.0313999653,17.0286998749,80551.3394001,14559.8901999,55.5350999832,0.00270009040833,0.0036997795105,exp1,ccs.ornl.gov,32816,16384,pilot.0000,rp.session.titan-ext2.itoman.017467.0000
0,,,20048.7839999,16.2481000423,12439.9758003,89.0957000256,16.2562000751,16.2525999546,12350.8801003,7608.80819964,72.8394999504,0.00360012054443,0.00449991226196,exp1,ccs.ornl.gov,65584,16384,pilot.0000,rp.session.titan-ext1.itoman.017491.0004
0,,,688678.8241,16.8675999641,681025.9222,98.648900032,16.8727998734,16.8708000183,680927.2733,7652.90189981,81.7761001587,0.0019998550415,0.0032000541687,exp1,ccs.ornl.gov,65584,16384,pilot.0000,rp.session.titan-ext1.itoman.017473.0000
0,,,169605.7684,19.1164999008,155409.5318,123.071099997,19.1220998764,19.1197998524,155286.4607,14196.2365999,103.94900012,0.00230002403259,0.00329995155334,exp1,ccs.ornl.gov,32816,16384,pilot.0000,rp.session.titan-ext1.itoman.017492.0001
0,,,166054.6695,17.5082998276,138182.48,71.8880000114,17.5163998604,17.5126998425,138110.592,27872.1894999,54.3716001511,0.00370001792908,0.00440001487732,exp1,ccs.ornl.gov,16432,16384,pilot.0000,rp.session.titan-ext1.itoman.017501.0001
