,NEW,P_LRMS_QUEUING,P_LRMS_RUNNING,P_LRMS_SUBMITTING,P_PMGR_QUEUING,P_PMGR_SCHEDULING,TTC,U_AGENT_EXECUTING,U_AGENT_QUEUING,U_AGENT_QUEUING_EXEC,U_AGENT_SCHEDULING,U_UMGR_BINDING,U_UMGR_SCHEDULING,experiment,ncore,ncore_active,nhost,npilot,npilot_active,nunit,nunit_done,nunit_failed,sid
rp.session.titan-ext2.itoman.017467.0000,17.0250000954,80551.3394001,14559.8901999,55.5350999832,0.00270009040833,0.0036997795105,95189.4693,14541.3889999,483.442699909,121.630218744,13573.8064013,2.43180012703,22.4528000355,exp1,32816,32816,1,1,1,16384,16384,0,rp.session.titan-ext2.itoman.017467.0000
rp.session.titan-ext1.itoman.017491.0004,16.2481000423,12350.8801003,7608.80819964,72.8394999504,0.00360012054443,0.00449991226196,20054.1847,7591.29299998,1020.86369991,124.107116699,6626.73419857,2.4470000267,22.0629999638,exp1,65584,65584,1,1,1,16384,16384,0,rp.session.titan-ext1.itoman.017491.0004
rp.session.titan-ext1.itoman.017473.0000,16.8675999641,680927.2733,7652.90189981,81.7761001587,0.0019998550415,0.0032000541687,688685.1665,7632.54320002,1040.95650005,119.739293575,6639.0830996,2.51449990273,22.5116999149,exp1,65584,65584,1,1,1,16384,16384,0,rp.session.titan-ext1.itoman.017473.0000
rp.session.titan-ext1.itoman.017492.0001,19.1164999008,155286.4607,14196.2365999,103.94900012,0.00230002403259,0.00329995155334,169611.4546,14175.1995001,478.183899879,247.849903584,13237.1710074,2.42689990997,21.8136000633,exp1,32816,32816,1,1,1,16384,16384,0,rp.session.titan-ext1.itoman.017492.0001
rp.session.titan-ext1.itoman.017501.0001,17.5082998276,138110.592,27872.1894999,54.3716001511,0.00370001792908,0.00440001487732,166060.3768,27843.5786998,243.998399973,128.151481867,26942.8127029,2.53340005875,22.2674000263,exp1,16432,16432,1,1,1,16384,16384,0,rp.session.titan-ext1.itoman.017501.0001
rp.session.titan-ext1.itoman.017503.0000,16.2010002136,96332.9512999,27761.0074,54.8735001087,0.00279998779297,0.00289988517761,124170.8459,27744.2194002,243.172899961,319.725603342,26838.8305993,2.44280004501,22.146299839,exp1,16432,16432,1,1,1,16384,16384,0,rp.session.titan-ext1.itoman.017503.0000
