,CANCELED,DONE,FAILED,NEW,PMGR_ACTIVE,PMGR_ACTIVE_PENDING,PMGR_LAUNCHING,PMGR_LAUNCHING_PENDING,P_LRMS_QUEUING,P_LRMS_RUNNING,P_LRMS_SUBMITTING,P_PMGR_QUEUING,P_PMGR_SCHEDULING,experiment,hid,ncore,nunit,pid,sid
0,,,1543.3986001,17.2337999344,606.602999926,86.9272999763,17.2405998707,17.2362000942,519.675699949,936.795600176,69.6867001057,0.00439977645874,0.00240015983582,exp1,ccs.ornl.gov,4144,128,pilot.0000,ws_syn_titan_128_32_4096_60_3.1
0,,,3472.51180005,18.1829001904,2532.52450013,87.5156002045,18.1884000301,18.1854000092,2445.00889993,939.987299919,69.3272001743,0.00300002098083,0.00249981880188,exp1,ccs.ornl.gov,4144,128,pilot.0000,ws_syn_titan_128_32_4096_60_3.0
0,,,1047.3125,16.9652998447,127.234999895,72.1145000458,16.9721000195,16.9686000347,55.1204998493,920.077500105,55.1424000263,0.00349998474121,0.00330018997192,exp1,ccs.ornl.gov,1072,32,pilot.0000,ws_syn_titan_32_32_1024_60_1.1
0,,,52395.0818002,45.8531000614,50971.6878002,240.544100046,45.8585000038,45.8559000492,50731.1437001,1423.39400005,194.685600042,0.0025999546051,0.00279998779297,exp1,ccs.ornl.gov,65584,2048,pilot.0000,ws_syn_titan_2048_32_65536_60_7.0
0,,,16884.7386,16.735699892,15899.8597999,86.1034998894,16.7418999672,16.7388999462,15813.7563,984.878800154,69.3615999222,0.00300002098083,0.0032000541687,exp1,ccs.ornl.gov,8240,256,pilot.0000,ws_syn_titan_256_32_8192_60_4.1
0,,,16757.8399,43.9063999653,15750.0144999,240.409500122,43.9137001038,43.9105000496,15509.6049998,1007.82540011,196.495800018,0.0032000541687,0.00410008430481,exp1,ccs.ornl.gov,8240,256,pilot.0000,ws_syn_titan_256_32_8192_60_4.0
0,,,1097.12280011,17.5361001492,137.033400059,72.8688001633,17.5420999527,17.5389001369,64.1645998955,960.089400053,55.3267002106,0.00319981575012,0.00279998779297,exp1,ccs.ornl.gov,2096,64,pilot.0000,ws_syn_titan_64_32_2048_60_2.1
0,,,3042.87919998,45.4815001488,2085.87910008,242.384000063,45.4876000881,45.4848001003,1843.49510002,957.000099897,196.896399975,0.00279998779297,0.00329995155334,exp1,ccs.ornl.gov,2096,64,pilot.0000,ws_syn_titan_64_32_2048_60_2.0
